{"cameraMode":{"drawMode":0,"name":"Shaded","section":"Shading Mode"},"sceneLighting":false,"audioPlay":false,"sceneViewState":{"showFog":true,"showMaterialUpdate":false,"showSkybox":false,"showFlares":true,"showImageEffects":true,"showParticleSystems":true},"in2DMode":false,"pivot":{"x":0.5460000038146973,"y":0.16014748811721803,"z":0.7590000033378601},"rotation":{"x":0.30893567204475405,"y":0.6491120457649231,"z":-0.3268755078315735,"w":0.6134926676750183},"size":0.9637227654457092,"orthographic":false}