{"cameraMode":{"drawMode":0,"name":"Shaded","section":"Shading Mode"},"sceneLighting":false,"audioPlay":false,"sceneViewState":{"showFog":true,"showMaterialUpdate":false,"showSkybox":false,"showFlares":true,"showImageEffects":true,"showParticleSystems":true},"in2DMode":false,"pivot":{"x":-0.8397760391235352,"y":0.18142491579055787,"z":0.7298202514648438},"rotation":{"x":0.08806167542934418,"y":0.08506178855895996,"z":-0.00754715409129858,"w":0.992449939250946},"size":2.173405647277832,"orthographic":false}