{"cameraMode":{"drawMode":0,"name":"Shaded","section":"Shading Mode"},"sceneLighting":false,"audioPlay":false,"sceneViewState":{"showFog":true,"showMaterialUpdate":false,"showSkybox":false,"showFlares":true,"showImageEffects":true,"showParticleSystems":true},"in2DMode":false,"pivot":{"x":8.784565925598145,"y":3.1161141395568849,"z":2.229795455932617},"rotation":{"x":-0.09657439589500427,"y":0.7964394092559815,"z":-0.13212813436985017,"w":-0.58216392993927},"size":0.9529215693473816,"orthographic":false}