{"cameraMode":{"drawMode":0,"name":"Shaded","section":"Shading Mode"},"sceneLighting":false,"audioPlay":false,"sceneViewState":{"showFog":true,"showMaterialUpdate":false,"showSkybox":false,"showFlares":true,"showImageEffects":true,"showParticleSystems":true},"in2DMode":false,"pivot":{"x":-8.492486953735352,"y":3.0925850868225099,"z":5.29628324508667},"rotation":{"x":0.09094808250665665,"y":-0.9023895859718323,"z":0.23434774577617646,"w":0.35019099712371828},"size":1.2319345474243165,"orthographic":false}