{"cameraMode":{"drawMode":0,"name":"Shaded","section":"Shading Mode"},"sceneLighting":false,"audioPlay":false,"sceneViewState":{"showFog":true,"showMaterialUpdate":false,"showSkybox":false,"showFlares":true,"showImageEffects":true,"showParticleSystems":true},"in2DMode":false,"pivot":{"x":-0.030000030994415284,"y":0.9620000123977661,"z":1.7000000476837159},"rotation":{"x":0.18899206817150117,"y":0.43310263752937319,"z":-0.09339220076799393,"w":0.8763641119003296},"size":1.480574369430542,"orthographic":false}