{"cameraMode":{"drawMode":0,"name":"Shaded","section":"Shading Mode"},"sceneLighting":false,"audioPlay":false,"sceneViewState":{"showFog":true,"showMaterialUpdate":false,"showSkybox":false,"showFlares":true,"showImageEffects":true,"showParticleSystems":true},"in2DMode":false,"pivot":{"x":880.1434326171875,"y":504.3508605957031,"z":111.344970703125},"rotation":{"x":0.0008809595019556582,"y":0.19523827731609345,"z":-0.00017506883887108415,"w":0.9807578921318054},"size":1101.45361328125,"orthographic":false}